stratum,root,title
Science & Medicine,Biology,Institute of Food Technologists Student Association
Science & Medicine,Biology,List of birds by flight heights
Science & Medicine,Biology,Transformed cladistics
Science & Medicine,Biology,The Seven Pillars of Life
Science & Medicine,Biology,Human uses of bats
Science & Medicine,Biology,Endogeny (biology)
Science & Medicine,Biology,Phenology
Science & Medicine,Biology,Forensic biology
Science & Medicine,Biology,Paradox of the plankton
Science & Medicine,Biology,Immunoglobulin class switching
Science & Medicine,Biology,Putrefaction
Science & Medicine,Biology,Roshd Biological Education
Science & Medicine,Biology,Cycle of quantification/qualification
Science & Medicine,Biology,Mechanism (biology)
Science & Medicine,Biology,Range fractionation
Science & Medicine,Biology,Iron oxide nanoparticle
Science & Medicine,Biology,Efficiency of food conversion
Science & Medicine,Biology,Census of Marine Life
Science & Medicine,Biology,Food additive
Science & Medicine,Biology,Geothrix fermentans
Science & Medicine,Biology,Flux (biology)
Science & Medicine,Biology,Deep biosphere
Science & Medicine,Biology,Ecosystem collapse
Science & Medicine,Biology,Wetware (biology)
Science & Medicine,Biology,Lophyra obtusidentata
Science & Medicine,Biology,Xenohormesis
Science & Medicine,Biology,Two-domain system
Science & Medicine,Biology,Biology
Science & Medicine,Biology,Cephalopod size
Science & Medicine,Biology,Domestication of vertebrates
Science & Medicine,Biology,7-Chlorokynurenic acid
Science & Medicine,Biology,Telescoping generations
Science & Medicine,Biology,Chemical biology
Science & Medicine,Biology,Dissection
Science & Medicine,Biology,Food processing
Science & Medicine,Biology,List of EC numbers (EC 5)
Science & Medicine,Biology,ARKive
Science & Medicine,Biology,Starch production
Science & Medicine,Biology,Hachimoji DNA
Science & Medicine,Biology,Folk biology
Science & Medicine,Biology,List of bacterial disulfide oxidoreductases
Science & Medicine,Biology,Biothermia
Science & Medicine,Biology,City Nature Challenge
Science & Medicine,Biology,Retrogradation (starch)
Science & Medicine,Biology,Extract
Science & Medicine,Biology,Ecosystem model
Science & Medicine,Biology,Heuristic
Science & Medicine,Biology,Undescribed taxon
Science & Medicine,Biology,Structuralism (biology)
Science & Medicine,Biology,Prosection
Science & Medicine,Biology,Peptide microarray
Science & Medicine,Biology,One gene–one enzyme hypothesis
Science & Medicine,Biology,Human interactions with fungi
Science & Medicine,Biology,Southern blot
Science & Medicine,Biology,Behind the Mirror
Science & Medicine,Biology,Embryo drawing
Science & Medicine,Biology,Biocontainment of genetically modified organisms
Science & Medicine,Biology,Campenot chamber
Science & Medicine,Biology,List of superlative trees
Science & Medicine,Biology,Cambrian explosion
Science & Medicine,Biology,Globoid (botany)
Science & Medicine,Biology,Lists of sequenced genomes
Science & Medicine,Biology,Planetary protection
Science & Medicine,Biology,Melanoidin
Science & Medicine,Biology,List of cholesterol in foods
Science & Medicine,Biology,List of plant orders
Science & Medicine,Biology,Bioclimatology
Science & Medicine,Biology,Shridhar Chillal
Science & Medicine,Biology,Bioactive terrarium
Science & Medicine,Biology,Choanosome
Science & Medicine,Biology,Nuclear magnetic resonance
Science & Medicine,Biology,List of Gaviiformes by population
Science & Medicine,Biology,Sessility (motility)
Science & Medicine,Biology,Population biology
Science & Medicine,Biology,Preformationism
Science & Medicine,Biology,Molecular Structure of Nucleic Acids: A Structure for Deoxyribose Nucleic Acid
Science & Medicine,Biology,Does Coffee Cause Cancer?
Science & Medicine,Biology,Philosophy of biology
Science & Medicine,Biology,Metakaryota
Science & Medicine,Biology,Lee–Boot effect
Science & Medicine,Biology,Fahrenholz's rule
Science & Medicine,Biology,Sister group
Science & Medicine,Biology,Non-invasive micro-test technology
Science & Medicine,Biology,Animal epithet
Science & Medicine,Biology,Paprika oleoresin
Science & Medicine,Biology,Instant rice
Science & Medicine,Biology,Cancer selection
Science & Medicine,Biology,Fauna
Science & Medicine,Biology,Camouflage
Science & Medicine,Biology,Inverted sugar syrup
Science & Medicine,Biology,List of scattering experiments
Science & Medicine,Biology,Pre-integration complex
Science & Medicine,Biology,Species
Science & Medicine,Biology,Isothermal microcalorimetry
Science & Medicine,Biology,List of bioinformatics institutions
Science & Medicine,Biology,Emery's rule
Science & Medicine,Biology,Excretion
Science & Medicine,Biology,Scaffolding (bioinformatics)
Science & Medicine,Biology,Functional information
Science & Medicine,Biology,Fractal physiology
Science & Medicine,Chemistry,Dioxetane
Science & Medicine,Chemistry,Nital
Science & Medicine,Chemistry,Phosphodiesterase 4
Science & Medicine,Chemistry,Lead acetate
Science & Medicine,Chemistry,List of gases
Science & Medicine,Chemistry,Pregnanedione
Science & Medicine,Chemistry,Trihydroxybenzenes
Science & Medicine,Chemistry,Tellurium bromide
Science & Medicine,Chemistry,Europium hydroxide
Science & Medicine,Chemistry,Methoxyamphetamine
Science & Medicine,Chemistry,Chromium oxide
Science & Medicine,Chemistry,Dihydrofuran
Science & Medicine,Chemistry,Diiodide
Science & Medicine,Chemistry,Pentanone
Science & Medicine,Chemistry,Sodium borate
Science & Medicine,Chemistry,Naphthoflavone
Science & Medicine,Chemistry,Superelectrophilic anion
Science & Medicine,Chemistry,Fractionation
Science & Medicine,Chemistry,Manganese fluoride
Science & Medicine,Chemistry,Trichloroethane
Science & Medicine,Chemistry,Retort pouch
Science & Medicine,Chemistry,Americium fluoride
Science & Medicine,Chemistry,Butyl chloride
Science & Medicine,Chemistry,S-oxide
Science & Medicine,Chemistry,Controlled lab reactor
Science & Medicine,Chemistry,Bromochlorobenzene
Science & Medicine,Chemistry,Ampromide
Science & Medicine,Chemistry,Nitrogen acid
Science & Medicine,Chemistry,Samarium bromide
Science & Medicine,Chemistry,Aminophenol
Science & Medicine,Chemistry,Heavy liquid
Science & Medicine,Chemistry,Deoxycorticosterone
Science & Medicine,Chemistry,List of water-miscible solvents
Science & Medicine,Chemistry,Dimethylpentane
Science & Medicine,Chemistry,On a New Organic Base in the Coca Leaves
Science & Medicine,Chemistry,Methylxanthines
Science & Medicine,Chemistry,Eicosatrienoic acid
Science & Medicine,Chemistry,Pentachloride
Science & Medicine,Chemistry,16-Hydroxyestradiol
Science & Medicine,Chemistry,Ampelopsin (compound)
Science & Medicine,Chemistry,Gallium selenide
Science & Medicine,Chemistry,Methylnicotinamide
Science & Medicine,Chemistry,Probico
Science & Medicine,Chemistry,Androstenediol acetate
Science & Medicine,Chemistry,Butyl ester
Science & Medicine,Chemistry,List of chemical databases
Science & Medicine,Chemistry,Dimethylhexane
Science & Medicine,Chemistry,Methoxyphenylpiperazine
Science & Medicine,Chemistry,Food and biological process engineering
Science & Medicine,Chemistry,Iodobenzenes
Science & Medicine,Chemistry,Starch gelatinization
Science & Medicine,Chemistry,Steric exclusion
Science & Medicine,Chemistry,Bredt's rule
Science & Medicine,Chemistry,Secoergoline
Science & Medicine,Chemistry,Trichloride
Science & Medicine,Chemistry,Dichloropropane
Science & Medicine,Chemistry,Momordicine
Science & Medicine,Chemistry,Sulfur bromide
Science & Medicine,Chemistry,Curium fluoride
Science & Medicine,Chemistry,Mallotojaponin
Science & Medicine,Chemistry,Tashiro's indicator
Science & Medicine,Chemistry,Dibromofluoromethane (data page)
Science & Medicine,Chemistry,Chromium selenide
Science & Medicine,Chemistry,Oxopentanoic acid
Science & Medicine,Chemistry,Hume-Rothery rules
Science & Medicine,Chemistry,Lycopene (data page)
Science & Medicine,Chemistry,1-Propanol (data page)
Science & Medicine,Chemistry,Woodward's rules
Science & Medicine,Chemistry,Cycloheptadiene
Science & Medicine,Chemistry,Methylethyltryptamine (disambiguation)
Science & Medicine,Chemistry,Carbochemistry
Science & Medicine,Chemistry,Polonium bromide
Science & Medicine,Chemistry,Bromopyridine
Science & Medicine,Chemistry,Codex Alimentarius
Science & Medicine,Chemistry,Tyrocinium Chymicum
Science & Medicine,Chemistry,Europium fluoride
Science & Medicine,Chemistry,Terephthalic acid (data page)
Science & Medicine,Chemistry,Caffeoylquinic acid
Science & Medicine,Chemistry,Vinyl bromide (data page)
Science & Medicine,Chemistry,Catechin glucoside
Science & Medicine,Chemistry,Cobalt fluoride
Science & Medicine,Chemistry,Iridium bromide
Science & Medicine,Chemistry,Reaction kinetics in uniform supersonic flow
Science & Medicine,Chemistry,Hydroxyuracil
Science & Medicine,Chemistry,List of yttrium compounds
Science & Medicine,Chemistry,Aluminium oxides
Science & Medicine,Chemistry,Iron ring (laboratory)
Science & Medicine,Chemistry,Androstenediol (disambiguation)
Science & Medicine,Chemistry,Supramolecular chemistry
Science & Medicine,Chemistry,Pyridinetricarboxylic acid
Science & Medicine,Chemistry,Hydroxyflavone
Science & Medicine,Chemistry,Propylbenzene
Science & Medicine,Chemistry,Chlorobenzonitrile
Science & Medicine,Chemistry,Dihydroxystilbene
Science & Medicine,Chemistry,List of insecticides
Science & Medicine,Chemistry,Nupharin
Science & Medicine,Chemistry,Carbon dichalcogenide
Science & Medicine,Chemistry,List of steroids
Science & Medicine,Chemistry,Butylamine
Science & Medicine,Chemistry,Standard electrode potential (data page)
Technology,Computing,Reputation system
Technology,Computing,Marin Computer Center
Technology,Computing,Arthur Pollen
Technology,Computing,Information System Contingency Plan
Technology,Computing,Computing Machine Laboratory
Technology,Computing,IEBus
Technology,Computing,Electronic assessment
Technology,Computing,E-agriculture
Technology,Computing,Fernandez's method
Technology,Computing,Latent semantic mapping
Technology,Computing,UNETix
Technology,Computing,IBM Future Systems project
Technology,Computing,List of electrical engineering software
Technology,Computing,Goal seeking
Technology,Computing,Bacatec
Technology,Computing,Programmer art
Technology,Computing,Xinu
Technology,Computing,Optomux
Technology,Computing,Asynchronous I/O
Technology,Computing,Stack search
Technology,Computing,Help Cure Muscular Dystrophy
Technology,Computing,CLIX (markup)
Technology,Computing,Visual technology
Technology,Computing,Language workbench
Technology,Computing,SDS Protocol
Technology,Computing,IBM System/360 architecture
Technology,Computing,Common Information Model (computing)
Technology,Computing,Net.art
Technology,Computing,Website content writer
Technology,Computing,Red Ring of Death
Technology,Computing,Mean opinion score
Technology,Computing,Windows Hardware Error Architecture
Technology,Computing,Auditory display
Technology,Computing,Logic synthesis
Technology,Computing,Henry Prevost Babbage
Technology,Computing,System on a chip
Technology,Computing,Surround-view system
Technology,Computing,Universal Communication Format
Technology,Computing,Reference card
Technology,Computing,Computers and writing
Technology,Computing,Humanities Indicators
Technology,Computing,The Virtual Museum of Computing
Technology,Computing,Automatic hyperlinking
Technology,Computing,Open Bug Bounty
Technology,Computing,Industrial data processing
Technology,Computing,PC-6600 series
Technology,Computing,Sensor network query processor
Technology,Computing,Spinning pinwheel
Technology,Computing,MUPID
Technology,Computing,JSFiddle
Technology,Computing,Privacy policy
Technology,Computing,DXVK
Technology,Computing,List of UNIVAC products
Technology,Computing,Perceived performance
Technology,Computing,Yield (multithreading)
Technology,Computing,Vulnerability assessment (computing)
Technology,Computing,Temporal isolation
Technology,Computing,GEORGE (computer)
Technology,Computing,Open Media Framework Interchange
Technology,Computing,ITerating
Technology,Computing,FACOM 128
Technology,Computing,Omni-Path
Technology,Computing,CC-Link Open Automation Networks
Technology,Computing,IP Multimedia Subsystem
Technology,Computing,List of artificial intelligence companies
Technology,Computing,Data engineering
Technology,Computing,Gender digital divide
Technology,Computing,Internet backbone
Technology,Computing,Geographic Locator Codes
Technology,Computing,Smoking clover
Technology,Computing,List of software package management systems
Technology,Computing,ITM José Martí
Technology,Computing,Window of opportunity
Technology,Computing,List of computer-animated films
Technology,Computing,Model 109
Technology,Computing,Dispatcher training simulator
Technology,Computing,Tesla EtherLoop
Technology,Computing,Thermal design power
Technology,Computing,S-100 (chart)
Technology,Computing,Highly Available STorage
Technology,Computing,Stars virus
Technology,Computing,Comparison of HP graphing calculators
Technology,Computing,Hyperscale computing
Technology,Computing,Guru Meditation
Technology,Computing,Digital empathy
Technology,Computing,Job control (computing)
Technology,Computing,SWORD (protocol)
Technology,Computing,Web hosting control panel
Technology,Computing,Holmes (computer)
Technology,Computing,Thumbshot
Technology,Computing,Advanced Technology Airborne Computer
Technology,Computing,Legacy mode
Technology,Computing,Art director
Technology,Computing,Comparison of Symbian devices
Technology,Computing,Urbit
Technology,Computing,Internet pornography
Technology,Computing,Division by zero
Technology,Computing,Licence Ouverte
Technology,Computing,Torch Triple X
Technology,Computing,Log area ratio
Politics,Elections,Coalition of chaos
Politics,Elections,Election monitoring
Politics,Elections,September 2018 Primorsky Krai gubernatorial election
Politics,Elections,Hare–Clark electoral system
Politics,Elections,Campaign advertising
Politics,Elections,Highest median voting rules
Politics,Elections,Pro-European Coalition
Politics,Elections,2014 Thai general election
Politics,Elections,Mixed electoral system
Politics,Elections,Opinion polling for the 2012 French legislative election
Politics,Elections,1978 Trust Territory of the Pacific Islands constitutional referendum
Politics,Elections,2011–12 Egyptian parliamentary election
Politics,Elections,UCLA School of Political Parties
Politics,Elections,1937 Ålandic legislative election
Politics,Elections,Chad (paper)
Politics,Elections,Degressive proportionality
Politics,Elections,David Chaum
Politics,Elections,Coalition government of Ahmad Qavam
Politics,Elections,Right-wing politics
Politics,Elections,Electronic voting machine
Politics,Elections,1842 Salvadoran presidential election
Politics,Elections,Zweitmandat
Politics,Elections,2015 Haitian presidential election
Politics,Elections,Leancă Cabinet
Politics,Elections,Cast vote record
Politics,Elections,We Have a Right
Politics,Elections,Opinion polling for the 2023 Swiss federal election
Politics,Elections,TPLF internal leadership dispute
Politics,Elections,Opinion polling for the 2017 German federal election
Politics,Elections,Second Wever-Croes cabinet
Politics,Elections,Opinion polling for the 2017 Norwegian parliamentary election
Politics,Elections,Opinion polling for the 2013 Philippine Senate election
Politics,Elections,Electoral boundary delimitation
Politics,Elections,Meet the Ukippers
Politics,Elections,Pournelle chart
Politics,Elections,Opinion polling for the 2023 Polish parliamentary election
Politics,Elections,National remnant
Politics,Elections,Sixth National Government of New Zealand
Politics,Elections,Election silence
Politics,Elections,Vote management
Politics,Elections,Quadratic voting
Politics,Elections,Löfven II cabinet
Politics,Elections,2001 Norfolk Island legislative election
Politics,Elections,Left-wing populism
Politics,Elections,2003 Georgian parliamentary election
Politics,Elections,Election surprise
Politics,Elections,Sainte-Laguë Index
Politics,Elections,2017 Manchester Gorton by-election
Politics,Elections,Formateur
Politics,Elections,Smartvote
Politics,Elections,2025 Panevėžys City mayoral election
Politics,Elections,Election audit
Politics,Elections,Combined approval voting
Politics,Elections,Voter rolloff
Politics,Elections,Opinion polling for the 2016 Italian local elections
Politics,Elections,Electoral alliance
Politics,Elections,University Voting Systems Competition
Politics,Elections,Socialist democracy
Politics,Elections,2000 Molise regional election
Politics,Elections,Opinion polling for the 2014 New Zealand general election
Politics,Elections,Political international
Politics,Elections,Alliance for European Integration
Politics,Elections,Mathematical elimination
Politics,Elections,Laïque Pride
Politics,Elections,International Institute for Democracy and Electoral Assistance
Politics,Elections,Opinion polling for the 2018 Slovenian parliamentary election
Politics,Elections,Retirement slump
Politics,Elections,List of political parties by region
Politics,Elections,Voter segments in political polling
Politics,Elections,Lingayen–Lucena corridor
Politics,Elections,STAR voting
Politics,Elections,2010 Cabinet of the Zimbabwe Government of National Unity
Politics,Elections,Lok Satta Movement
Politics,Elections,ACCURATE
Politics,Elections,Ultra-leftism
Politics,Elections,International election standards
Politics,Elections,Foot voting
Politics,Elections,Communicative assent
Politics,Elections,Hardline
Politics,Elections,Kurt S. Browning
Politics,Elections,2017 Party of Growth presidential primaries
Politics,Elections,Next Palestinian presidential election
Politics,Elections,Endorsements in the 2024 Indonesian presidential election
Politics,Elections,Far-right politics
Politics,Elections,Centre for Free Elections and Democracy
Politics,Elections,Legislative chamber
Politics,Elections,Minor party
Politics,Elections,Conscience vote
Politics,Elections,Independent verification systems
Politics,Elections,Opinion polling for the 2010 Philippine Senate election
Politics,Elections,Luís Inácio Adams
Politics,Elections,Convenience voting
Politics,Elections,Landslide victory
Politics,Elections,2023 Gabonese general election
Politics,Elections,Election recount
Politics,Elections,Artificial intelligence and elections
Politics,Elections,Canvassing
Politics,Elections,Opinion polling for the 2002 French legislative election
Politics,Elections,Opinion polling for the June 2015 Turkish general election
Politics,Elections,Roman/Red
Technology,Engineering,Anchor portal
Technology,Engineering,Conductivity cell
Technology,Engineering,Bachelor of Engineering
Technology,Engineering,Electrical Association for Women
Technology,Engineering,Engineering education
Technology,Engineering,Rebar detailing
Technology,Engineering,The Great Egg Race
Technology,Engineering,Finite element model data post-processing
Technology,Engineering,Engineering change order
Technology,Engineering,Bearing reducer
Technology,Engineering,Fitter (occupation)
Technology,Engineering,Patent engineer
Technology,Engineering,Temperature cycling
Technology,Engineering,Society of Women Engineers
Technology,Engineering,Forensic engineering
Technology,Engineering,Fellow of the Institution of Mechanical Engineers
Technology,Engineering,Fault reporting
Technology,Engineering,Scrapheap Challenge
Technology,Engineering,Vitumbiko Mumba
Technology,Engineering,Disc mill
Technology,Engineering,Architectural engineer (PE)
Technology,Engineering,Design/Build/Fly
Technology,Engineering,Engineering drawing abbreviations and symbols
Technology,Engineering,InHour
Technology,Engineering,SpaceX fairing recovery program
Technology,Engineering,Kauri-butanol value
Technology,Engineering,Optical comparator
Technology,Engineering,"Proceedings of the Institution of Mechanical Engineers, Part E"
Technology,Engineering,List of engineering awards
Technology,Engineering,Canadian Federation of Engineering Students
Technology,Engineering,Engineering design process
Technology,Engineering,Suspension plasma spray
Technology,Engineering,Platform engineering
Technology,Engineering,Social Science Research Network
Technology,Engineering,European Society for Engineering Education
Technology,Engineering,Engineering physics
Technology,Engineering,Overengineering
Technology,Engineering,IEEE Life Member Graduate Study Fellowship in Electrical Engineering
Technology,Engineering,Splash zone
Technology,Engineering,Requirements engineering tools
Technology,Engineering,Processing medium
Technology,Engineering,Social shaping of technology
Technology,Engineering,Impinging mixer
Technology,Engineering,Mercedes-Benz M30 engine
Technology,Engineering,Oregon State University Mars Rover
Technology,Engineering,Guideline tensioner
Technology,Engineering,Constrained-layer damping
Technology,Engineering,Packaging machinery
Technology,Engineering,Quality engineering
Technology,Engineering,List of thermodynamics topics
Technology,Engineering,Production packer
Technology,Engineering,Design engineer
Technology,Engineering,Association of Swedish Engineering Industries
Technology,Engineering,Engineering bill of materials
Technology,Engineering,Food engineering
Technology,Engineering,Joan Hodges Queneau Medal
Technology,Engineering,Design choice
Technology,Engineering,Environmental engineering
Technology,Engineering,Ping test (engineering)
Technology,Engineering,Model-based enterprise
Technology,Engineering,Shock tube
Technology,Engineering,Subsurface utilities
Technology,Engineering,European Conference on Composite Materials
Technology,Engineering,Single-input single-output system
Technology,Engineering,Guardian valve
Technology,Engineering,Logistics engineering
Technology,Engineering,Ian Sommerville (software engineer)
Technology,Engineering,National Space Program
Technology,Engineering,Expansion tube
Technology,Engineering,Wheel washing system
Technology,Engineering,Screw conveyor
Technology,Engineering,Valve exerciser
Technology,Engineering,Angle of list
Technology,Engineering,Goethals Medal
Technology,Engineering,IEC 60929
Technology,Engineering,Dielectric withstand test
Technology,Engineering,"Proceedings of the Institution of Mechanical Engineers, Part I"
Technology,Engineering,Aryabhata Award
Technology,Engineering,IEEE Jun-ichi Nishizawa Medal
Technology,Engineering,Edison Pioneers
Technology,Engineering,Petroleum engineering
Technology,Engineering,Inca technology
Technology,Engineering,SPE John Franklin Carll Award
Technology,Engineering,Boundary friction
Technology,Engineering,Limiting pressure velocity
Technology,Engineering,Dühring's rule
Technology,Engineering,Mount Stromlo Hydro-Power Station
Technology,Engineering,Rock shed
Technology,Engineering,Women in engineering
Technology,Engineering,Yamazumi chart
Technology,Engineering,Iso-elastic
Technology,Engineering,Horn analyzer
Technology,Engineering,Weld access hole
Technology,Engineering,Washington Accord (credentials)
Technology,Engineering,Beltweigher
Technology,Engineering,Tube tool
Technology,Engineering,Maintenance-free operating period
Technology,Engineering,STEM pipeline
Technology,Engineering,UNESCO World Engineering Day for Sustainable Development
Technology,Engineering,"Engineering, Science, and Management War Training"
Popular Culture,Film,AXN Crime
Popular Culture,Film,1925 in film
Popular Culture,Film,Star Movies (Balkans)
Popular Culture,Film,1969 in film
Popular Culture,Film,The Anime Effect
Popular Culture,Film,Housekeeping deal
Popular Culture,Film,Universal exports
Popular Culture,Film,Electronovision
Popular Culture,Film,Royal Philharmonic Orchestra
Popular Culture,Film,Lost film
Popular Culture,Film,1981 in film
Popular Culture,Film,Video Archives
Popular Culture,Film,Turbo Interceptor
Popular Culture,Film,Pre-Code Hollywood
Popular Culture,Film,Cinemax (Asian TV channel)
Popular Culture,Film,Quantonium
Popular Culture,Film,Office Ladies
Popular Culture,Film,"Well, that escalated quickly (meme)"
Popular Culture,Film,Re-recording (filmmaking)
Popular Culture,Film,Homer Simpson Backs Into the Bushes
Popular Culture,Film,Studio Universal
Popular Culture,Film,1931 in film
Popular Culture,Film,Continuum Transfunctioner
Popular Culture,Film,Girls with guns
Popular Culture,Film,Outfit X
Popular Culture,Film,Psychedelic film
Popular Culture,Film,Musivisual language
Popular Culture,Film,The Great Stone Face
Popular Culture,Film,Cartoon pornography
Popular Culture,Film,The Canon (podcast)
Popular Culture,Film,1932 in film
Popular Culture,Film,Luc Jardie
Popular Culture,Film,Hypnocil
Popular Culture,Film,The Muscles From Brussels
Popular Culture,Film,Screen Junkies
Popular Culture,Film,Pink Panther Diamond
Popular Culture,Film,Cahiers du Cinéma's Annual Top 10 Lists
Popular Culture,Film,Hollywood blacklist
Popular Culture,Film,Magic lantern
Popular Culture,Film,Charge scenic artist
Popular Culture,Film,Transmooker
Popular Culture,Film,1907 in film
Popular Culture,Film,Lunar Orbiter Image Recovery Project
Popular Culture,Film,Slapstick
Popular Culture,Film,2020 FAMAS Awards
Popular Culture,Film,Mountain film
Popular Culture,Film,Detective fiction
Popular Culture,Film,AXN Sci Fi
Popular Culture,Film,Travel documentary
Popular Culture,Film,Screenlife
Popular Culture,Film,Show Me Shorts
Popular Culture,Film,Cliff Beasts 6: Battle for Everest: Memories of a Requiem
Popular Culture,Film,Dead Eyes
Popular Culture,Film,Lorenzo Zoil
Popular Culture,Film,Atmospheric theatre
Popular Culture,Film,Highlight film
Popular Culture,Film,Submarine films
Popular Culture,Film,1941 in film
Popular Culture,Film,Rai 4
Popular Culture,Film,Roberta Keough
Popular Culture,Film,Red dress of Julia Roberts
Popular Culture,Film,Gaylord Focker
Popular Culture,Film,List of American independent films
Popular Culture,Film,Limelight Department
Popular Culture,Film,Well excuse me princess
Popular Culture,Film,Behind-the-scenes
Popular Culture,Film,Ah-nuld
Popular Culture,Film,Florida Alliance
Popular Culture,Film,Bully Maguire
Popular Culture,Film,American eccentric cinema
Popular Culture,Film,The Little Tramp
Popular Culture,Film,Deathtripping
Popular Culture,Film,1918 in film
Popular Culture,Film,Historical poetics
Popular Culture,Film,List of lesbian filmmakers
Popular Culture,Film,Laser raptors
Popular Culture,Film,Paracinema
Popular Culture,Film,Film criticism
Popular Culture,Film,The Austrian Oak
Popular Culture,Film,Film noir
Popular Culture,Film,2022 in film
Popular Culture,Film,The Madrigals
Popular Culture,Film,Association of European Cinematheques
Popular Culture,Film,1890 in film
Popular Culture,Film,Boxcutters (podcast)
Popular Culture,Film,Film as a Subversive Art
Popular Culture,Film,Scarecrow Video
Popular Culture,Film,Superhero film
Popular Culture,Film,Creation Cinema
Popular Culture,Film,Trope (cinema)
Popular Culture,Film,Terry Gionoffrio
Popular Culture,Film,Biographical film
Popular Culture,Film,Hapi djus
Popular Culture,Film,Ikran
Popular Culture,Film,Thanus
Popular Culture,Film,State Symphony Cinema Orchestra
Popular Culture,Film,Video design
Popular Culture,Film,"History of the Kinetograph, Kinetoscope, and Kinetophonograph"
Popular Culture,Film,Gods and demons fiction
Popular Culture,Film,Universal Exports
History,History,Historiography in the Middle Ages
History,History,Historical negationism
History,History,Engaged theory
History,History,Scotland's National Book Awards
History,History,Navicert
History,History,Assyrian eclipse
History,History,Rostock Inheritance Agreement
History,History,The Jew of Linz
History,History,T. S. Ashton Prize
History,History,Unwitting testimony
History,History,Preservation of meaning
History,History,Chronology of Jesus
History,History,Neutrality (philosophy)
History,History,List of history awards
History,History,Chariots of the Gods?
History,History,Heritage barn
History,History,Great German Pilgrimage of 1064–65
History,History,Columbus's letter on the first voyage
History,History,Substructiones Insanae
History,History,Sothic cycle
History,History,Outline of the Chinese Civil War
History,History,Leuchter report
History,History,Thoen Stone
History,History,Marxist historiography
History,History,Historiographic metafiction
History,History,Year-riddle
History,History,Outline of the military history of the People's Republic of China
History,History,Historism
History,History,Historical culture
History,History,2015 Indian Science Congress ancient aircraft controversy
History,History,Alternative theories of the location of Great Moravia
History,History,Alternative historical interpretations of Joan of Arc
History,History,Conspiracy theory
History,History,Historic recurrence
History,History,Cradle of civilization
History,History,Dionysius Exiguus' Easter table
History,History,Black Irish (folklore)
History,History,Dating the Bible
History,History,Lost Cause of the Confederacy
History,History,Octamasadas
History,History,Magistra vitae
History,History,Ab urbe condita
History,History,Association of Historians of Moldova
History,History,List of domesticated animals
History,History,Scepter of Judah
History,History,Modernity
History,History,Postmodernity
History,History,Glossary of American slavery
History,History,Dinosaur of Ta Prohm
History,History,Dominant narrative
History,History,List of attacks on high courts
History,History,Artis Historicae Penus
History,History,History of ferrous metallurgy
History,History,Saeculum (journal)
History,History,There was no such thing as Palestinians
History,History,Chronology of the Bible
History,History,Hugh Llewellyn Keenleyside
History,History,Functionalism–intentionalism debate
History,History,Pseudo-Turkology
History,History,Parliamentary cretinism
History,History,Demographic history
History,History,Alan Ball Local History Awards
History,History,Ecclesiastical history of the Catholic Church
History,History,Naacal
History,History,The Lost Tomb of Jesus
History,History,Historiography of Juan Manuel de Rosas
History,History,Nuwaubian Nation
History,History,Zeitgeist (film series)
History,History,Pre-Māori settlement of New Zealand theories
History,History,2004 World Monuments Watch
History,History,Muhammad Ardabili
History,History,Hoteps
History,History,Utilitarian genocide
History,History,National memory
History,History,Latin America and the League of Nations
History,History,Vaimānika Shāstra
History,History,Slavery and Slaving in World History: A Bibliography
History,History,Ailill mac Slánuill
History,History,History News Network
History,History,Book of Dzyan
History,History,Outline of classical architecture
History,History,History of finance
History,History,Ronne Antarctic Research Expedition
History,History,Auschwitz bombing debate
History,History,Secondary source
History,History,Historic preservation
History,History,2020 World Monuments Watch
History,History,Historicity of the Book of Mormon
History,History,Historical consciousness
History,History,Pan-Latinism
History,History,Centum gravamina teutonicae nationis
History,History,K-U ratio
History,History,Year zero
History,History,Irghiz River skirmish
History,History,Origins of Judaism
History,History,Merry England
History,History,List of Jurchen chieftains
History,History,Legacy of the British Empire
History,History,History of the Second World War
History,History,Mesoamerican Long Count calendar
History,History by country,Camy Squadron
History,History by country,History of Vanuatu
History,History by country,Name of Greece
History,History by country,Timeline of Rwandan history
History,History by country,History of the State of Palestine
History,History by country,English expedition to the Gambia River (1618)
History,History by country,Siege of Meissen (1015)
History,History by country,Tichitt tradition
History,History by country,Friedrich Benjamin von Lütke
History,History by country,Cheonggu
History,History by country,Prehistoric Georgia
History,History by country,Hospitaller colonization of the Americas
History,History by country,History of Kenya
History,History by country,History of the United Kingdom
History,History by country,History of Tanzania
History,History by country,Duō Miè Kingdom
History,History by country,Battle of Yaguachi
History,History by country,Manila conflict (1769)
History,History by country,Timeline of Bulgarian history
History,History by country,Capture of Pristina
History,History by country,History of North Korea
History,History by country,Antigua-Barbuda-Montserrat
History,History by country,Prehistoric Austria
History,History by country,Names of the Greeks
History,History by country,Moliyili
History,History by country,History of Uganda
History,History by country,Nine Saints
History,History by country,Huang Chao Rebellion
History,History by country,French West Africa
History,History by country,History of the Federated States of Micronesia
History,History by country,Accession of Canada to the European Union
History,History by country,History of Ascension Island
History,History by country,Parochial patronage
History,History by country,Ba'athist Syria
History,History by country,Rentap
History,History by country,List of renamed places in Zambia
History,History by country,Land of Punt
History,History by country,Nekolim
History,History by country,History of Ceuta
History,History by country,Gilzan
History,History by country,Timeline of Cypriot history
History,History by country,Mughal Empire
History,History by country,Perestroika in Kazakhstan
History,History by country,History of Burkina Faso
History,History by country,Prehistory of Myanmar
History,History by country,Territorial evolution of Ethiopia
History,History by country,Canada in the Cold War
History,History by country,Timeline of Latvian history
History,History by country,Coin collection of the University of Freiburg
History,History by country,Cuban Bureau of Investigation
History,History by country,Prins Willem
History,History by country,Arsinoe (Eritrea)
History,History by country,History of Székesfehérvár
History,History by country,Imamate of Futa Jallon
History,History by country,Slavery in Bahrain
History,History by country,Timeline of geopolitical changes (2000–present)
History,History by country,Timeline of French history
History,History by country,List of rulers of Chimor
History,History by country,Historiography of Australia
History,History by country,Names of Ethiopia
History,History by country,History of King Saud University
History,History by country,History of Bhutan
History,History by country,Prehistoric Wales
History,History by country,Attack on Riga (1941)
History,History by country,Gonja (kingdom)
History,History by country,National Archives of Libya
History,History by country,Solimana (state)
History,History by country,Slavery in Jordan
History,History by country,Akhbar-nameh
History,History by country,Igodomigodo
History,History by country,1958 Victorian state election
History,History by country,Speri (region)
History,History by country,Mueang Soi
History,History by country,Slavery in Mali
History,History by country,Scottish colonization of the Americas
History,History by country,History of Botswana
History,History by country,National Archives of Mauritius
History,History by country,Battle of Mombasa (1528)
History,History by country,Name of Armenia
History,History by country,Chajoma
History,History by country,Aotearoa New Zealand's histories
History,History by country,Modern history of Yemen
History,History by country,Salvador Ribeiro de Sousa
History,History by country,Lōmāfānu
History,History by country,Ancient Somali city-states
History,History by country,Names of Poland
History,History by country,Museum of the Palestinian People
History,History by country,Battle of Montenegro
History,History by country,History of Uzbekistan
History,History by country,1917 Victorian state election
History,History by country,History of Italy
History,History by country,Samode (estate)
History,History by country,National Archives of Zimbabwe
History,History by country,Amadeus Aba
History,History by country,Timeline of Paraguayan history
History,History by country,Skálholtannáll
History,History by country,Jacob Le Maire
History,History by country,Gazaland
History,History by country,Battle of Barbados (1665)
History,History by country,South Korean defectors
Science & Medicine,Medicine,Applied physiology
Science & Medicine,Medicine,Regression (medicine)
Science & Medicine,Medicine,Adverse effect
Science & Medicine,Medicine,Mindfulness-based stress reduction
Science & Medicine,Medicine,The Louis and Artur Lucian Award in Cardiovascular Diseases
Science & Medicine,Medicine,Symptomatic treatment
Science & Medicine,Medicine,List of psychiatry journals
Science & Medicine,Medicine,Pubiotomy
Science & Medicine,Medicine,Combination therapy
Science & Medicine,Medicine,Musicians' Medicine
Science & Medicine,Medicine,Index of oncology articles
Science & Medicine,Medicine,Minnesota Protocol
Science & Medicine,Medicine,Brainstem death
Science & Medicine,Medicine,Keio Medical Science Prize
Science & Medicine,Medicine,Consilia
Science & Medicine,Medicine,Cultural competency training
Science & Medicine,Medicine,Apoptosis
Science & Medicine,Medicine,Presentation (medical)
Science & Medicine,Medicine,Clinical pathway
Science & Medicine,Medicine,Herbal medicine
Science & Medicine,Medicine,Culture conversion
Science & Medicine,Medicine,City physician
Science & Medicine,Medicine,Peg leg
Science & Medicine,Medicine,History of cancer
Science & Medicine,Medicine,Litigation stress
Science & Medicine,Medicine,Worried well
Science & Medicine,Medicine,Terminology of alternative medicine
Science & Medicine,Medicine,Therapeutic inertia
Science & Medicine,Medicine,Septal veins
Science & Medicine,Medicine,Lifestyle medicine
Science & Medicine,Medicine,Hospital emergency codes
Science & Medicine,Medicine,Extravasation
Science & Medicine,Medicine,YSI 2300 STAT PLUS Glucose and Lactate Analyzer
Science & Medicine,Medicine,Subspecialty
Science & Medicine,Medicine,Gender bias in medical diagnosis
Science & Medicine,Medicine,Adherence (medicine)
Science & Medicine,Medicine,Vincent Lambert case
Science & Medicine,Medicine,Sopor (sleep)
Science & Medicine,Medicine,Library of Congress Living Legend
Science & Medicine,Medicine,Classificatie van verrichtingen
Science & Medicine,Medicine,List of medical and health informatics journals
Science & Medicine,Medicine,Oculo-auricular phenomenon
Science & Medicine,Medicine,Medication therapy management
Science & Medicine,Medicine,Ballard Maturational Assessment
Science & Medicine,Medicine,John Howland Award
Science & Medicine,Medicine,Observationes Medicae (Tulp)
Science & Medicine,Medicine,People's Doctor of the USSR
Science & Medicine,Medicine,Veterinarian's Oath
Science & Medicine,Medicine,Component causes
Science & Medicine,Medicine,Palsy
Science & Medicine,Medicine,Robert Sommer Award
Science & Medicine,Medicine,Mao-to
Science & Medicine,Medicine,Pierre Fauchard Academy
Science & Medicine,Medicine,Real-life experience
Science & Medicine,Medicine,Case presentation
Science & Medicine,Medicine,List of microbiologists
Science & Medicine,Medicine,Surrogate endpoint
Science & Medicine,Medicine,Nasal valve collapse
Science & Medicine,Medicine,Ernst Jung Prize
Science & Medicine,Medicine,Feldenkrais method
Science & Medicine,Medicine,Timeline of sexual orientation and medicine
Science & Medicine,Medicine,Health Sciences Descriptors
Science & Medicine,Medicine,Functional medicine
Science & Medicine,Medicine,Prandial
Science & Medicine,Medicine,American Association of Immunologists Lifetime Achievement Award
Science & Medicine,Medicine,History of medical diagnosis
Science & Medicine,Medicine,History of radiation therapy
Science & Medicine,Medicine,Depression (physiology)
Science & Medicine,Medicine,Protocol system
Science & Medicine,Medicine,Negative air ionization therapy
Science & Medicine,Medicine,Pauli Gerrei trilingual inscription
Science & Medicine,Medicine,Pap-Ion Magnetic Inductor
Science & Medicine,Medicine,Medical diplomacy
Science & Medicine,Medicine,Simple clinical colitis activity index
Science & Medicine,Medicine,Clade X
Science & Medicine,Medicine,Discredited HIV/AIDS origins theories
Science & Medicine,Medicine,Shared decision-making in medicine
Science & Medicine,Medicine,Health fair
Science & Medicine,Medicine,Medical case management
Science & Medicine,Medicine,Medical simulation
Science & Medicine,Medicine,Wolf Prize in Medicine
Science & Medicine,Medicine,History of yellow fever
Science & Medicine,Medicine,Pancrinol
Science & Medicine,Medicine,John Templeton Foundation
Science & Medicine,Medicine,Leaky gut syndrome
Science & Medicine,Medicine,Regulation of alternative medicine
Science & Medicine,Medicine,Centre for the Study of Medicine and the Body in the Renaissance
Science & Medicine,Medicine,Accreditation Commission of Colleges of Medicine
Science & Medicine,Medicine,Transparent Anatomical Manikin
Science & Medicine,Medicine,Insult (medicine)
Science & Medicine,Medicine,Francesco Della Valle
Science & Medicine,Medicine,Cross education
Science & Medicine,Medicine,Luteoma
Science & Medicine,Medicine,Scope of practice
Science & Medicine,Medicine,Diethylstilbestrol
Science & Medicine,Medicine,Undiagnosed Diseases Network
Science & Medicine,Medicine,Five-year survival rate
Science & Medicine,Medicine,Processo transexualizador
Science & Medicine,Medicine,List of anatomy mnemonics
Science & Medicine,Medicine,Alternative cancer treatments
History,Military history,History of guerrilla warfare
History,Military history,Vladimir Bakin
History,Military history,Meitei traditional weapons
History,Military history,Lancelot de Saint-Maard
History,Military history,Genocide Convention
History,Military history,Siege of Cusco
History,Military history,Military career of John Kerry
History,Military history,Crateology
History,Military history,Fort d'Issy
History,Military history,Abraham Lincoln in the Black Hawk War
History,Military history,Qadam Qadam Badhaye Ja
History,Military history,Push of pike
History,Military history,Policide
History,Military history,"Sir Samuel Cornish, 1st Baronet"
History,Military history,Amtsgruppe Allgemeine Wehrmachtsangelegenheiten
History,Military history,Christiansø Fortress
History,Military history,Relief (military)
History,Military history,Operation Alpha 29
History,Military history,Siege of Cattaro
History,Military history,List of companies involved in the Gaza war
History,Military history,Women in the military
History,Military history,Operation Prayer Book
History,Military history,Champion warfare
History,Military history,Akha Expedition
History,Military history,Uligisalus
History,Military history,Fold3
History,Military history,Ropkey Armor Museum
History,Military history,Genocide Convention Implementation Act
History,Military history,39th Guards Airborne Corps
History,Military history,Military incompetence
History,Military history,Bahadur Group
History,Military history,Jean Henri Becays Ferrand
History,Military history,War profiteering
History,Military history,Weedin Place fallout shelter
History,Military history,Martial arts timeline
History,Military history,Air power history
History,Military history,Extermination camp
History,Military history,RG equipment
History,Military history,Early life and career of Ulysses S. Grant
History,Military history,Fort Charles (Nevis)
History,Military history,Military career of Mustafa Kemal Atatürk
History,Military history,2021 Jabalia accident
History,Military history,Commanding generalship of Ulysses S. Grant
History,Military history,Oman–Zanzibar war
History,Military history,Mobilization
History,Military history,Amalek
History,Military history,Attack on Saint Martin
History,Military history,People's Volunteer Organisation
History,Military history,Jacques Fromentin
History,Military history,Air Intelligence Officer
History,Military history,Early life and military career of John McCain
History,Military history,Corpus de Sang
History,Military history,Black Maria (IFF)
History,Military history,Kawmoora
History,Military history,Bombardment of Salé (1851)
History,Military history,Urbicide
History,Military history,Louis Fursy Henri Compère
History,Military history,Military career of Hubert Gough (1914–1915)
History,Military history,Military career of José de San Martín in Spain
History,Military history,Battlefield archaeology
History,Military history,Short snorter
History,Military history,Timeline of the British Army 1700–1799
History,Military history,Aqaba
History,Military history,Government Navy
History,Military history,Cultural genocide
History,Military history,Surplus store
History,Military history,War and Peace Revival
History,Military history,Operation Dawn (1967)
History,Military history,Johann Ludwig Alexius von Loudon
History,Military history,Batería de la Atunara
History,Military history,Fuerte de Punta Carnero
History,Military history,Vestvolden
History,Military history,Perpetual war
History,Military history,Operation Valiant Guardian
History,Military history,Military Personnel Records Center
History,Military history,Alexandre Camille Taponier
History,Military history,Military History Working Group
History,Military history,Antonio de Quintanilla
History,Military history,War College (Prague)
History,Military history,Volunteer-per-order
History,Military history,Tzilacatzin
History,Military history,"Military career of Benedict Arnold, 1781"
History,Military history,Canburg
History,Military history,Siege of Bredevoort (1672)
History,Military history,Army Ants (toy line)
History,Military history,Air Defence Experimental Establishment
History,Military history,Risk factors for genocide
History,Military history,Antonio Narciso de Santa María
History,Military history,Berliner Tor deep bunker
History,Military history,Pascal Antoine Fiorella
History,Military history,Operation Tiger Hammer
History,Military history,Furusiyya
History,Military history,Incitement to genocide
History,Military history,François Joseph Drouot de Lamarche
History,Military history,First Guatemalan–Salvadoran intervention in Honduras
History,Military history,Strategy (Svechin book)
History,Military history,Symmachia (alliance)
History,Military history,Operation Waterfall
History,Military history,Battle of Embata
History,Military history,Military Archives of Sweden
Popular Culture,Music,2003 in music
Popular Culture,Music,Musicogenic epilepsy
Popular Culture,Music,I got blisters on my fingers
Popular Culture,Music,Music theory
Popular Culture,Music,Nonchord tone
Popular Culture,Music,Woodshedding
Popular Culture,Music,Musicking
Popular Culture,Music,Johann Carl Friedrich Rellstab
Popular Culture,Music,Departure Festival
Popular Culture,Music,Accentus
Popular Culture,Music,Burban
Popular Culture,Music,Conclusion (music)
Popular Culture,Music,Mickey Mousing
Popular Culture,Music,List of video game soundtracks released on vinyl
Popular Culture,Music,Fazlija (singer)
Popular Culture,Music,Musikalisches Würfelspiel
Popular Culture,Music,Temporal dynamics of music and language
Popular Culture,Music,Pepsi-Cola Hits the Spot
Popular Culture,Music,List of distortion pedals
Popular Culture,Music,Who's Afraid of the Big Bad Wolf?
Popular Culture,Music,Deadheads for Obama
Popular Culture,Music,Index of campanology articles
Popular Culture,Music,"Happy Birthday, Mr. President"
Popular Culture,Music,International Music Summit
Popular Culture,Music,Musicae Scientiae (journal)
Popular Culture,Music,Cobain on Cobain
Popular Culture,Music,Glossary of Schenkerian analysis
Popular Culture,Music,Underwater music
Popular Culture,Music,Breath mark
Popular Culture,Music,Traité de l'harmonie réduite à ses principes naturels
Popular Culture,Music,Répertoire International de Littérature Musicale
Popular Culture,Music,Musicality
Popular Culture,Music,Midwest Clinic
Popular Culture,Music,Musikexpress
Popular Culture,Music,List of literary works by César Cui
Popular Culture,Music,"Love will tear us apart, again"
Popular Culture,Music,New Interfaces for Musical Expression
Popular Culture,Music,Rock 'n Roll Fantasy Camp
Popular Culture,Music,SM 3.0
Popular Culture,Music,Auditory imagery
Popular Culture,Music,"Yo-ho-ho, and a bottle of rum"
Popular Culture,Music,Modulations: A History of Electronic Music
Popular Culture,Music,William Gillock
Popular Culture,Music,Stevie Ray Vaughan's musical instruments
Popular Culture,Music,Music transposer
Popular Culture,Music,Campanology
Popular Culture,Music,Political views of Paul Robeson
Popular Culture,Music,Papa Was a Rollin' Stone
Popular Culture,Music,Suomi-marssi
Popular Culture,Music,List of films about blues music
Popular Culture,Music,Dynacord Add-One
Popular Culture,Music,List of songwriter collaborations
Popular Culture,Music,Ellacombe apparatus
Popular Culture,Music,Psalmist movement
Popular Culture,Music,Black MIDI
Popular Culture,Music,Voice break
Popular Culture,Music,Music of the Future
Popular Culture,Music,Choral Public Domain Library
Popular Culture,Music,"Hello, hello, hello, how low?"
Popular Culture,Music,List of songs recorded by Beastie Boys
Popular Culture,Music,Everybody wants to get in the act
Popular Culture,Music,Virtual piano
Popular Culture,Music,It's Not Easy Bein' Green
Popular Culture,Music,A licky boom boom down
Popular Culture,Music,Folk ragtime
Popular Culture,Music,Who killed Cock Robin? - I said the sparrow
Popular Culture,Music,Backing track
Popular Culture,Music,This is a man's world
Popular Culture,Music,Basic Concepts in Music Education
Popular Culture,Music,Swaralipi
Popular Culture,Music,Rave
Popular Culture,Music,Augmentation (music)
Popular Culture,Music,"Bad boys, bad boys, whatcha gonna do when they come for you?"
Popular Culture,Music,At first I was afraid I was petrified
Popular Culture,Music,"We're jamming, jamming, and I hope you like jamming too"
Popular Culture,Music,Bharatiya Sangeet Vadya
Popular Culture,Music,Grammy Award for Best Rock Performance by a Duo or Group with Vocal
Popular Culture,Music,Kanye West presidential campaigns
Popular Culture,Music,Tamborita (Bolivia)
Popular Culture,Music,Phonetical singing
Popular Culture,Music,Because tonight will be the night that I will fall for you
Popular Culture,Music,Resumen de acompañar
Popular Culture,Music,"Aux armes, citoyens!"
Popular Culture,Music,APRA billion streams list
Popular Culture,Music,A Change Is Gonna Come
Popular Culture,Music,Funky Tekno Tribe
Popular Culture,Music,There Was an Old Woman Who Lived in a Shoe
Popular Culture,Music,Tearing Down the Wall of Sound
Popular Culture,Music,Alto
Popular Culture,Music,Die Meistersinger von Nürnberg
Popular Culture,Music,"We're Sergeant Peppers' Lonely Hearts Club Band, we hope you will enjoy the show"
Popular Culture,Music,People who need people are the luckiest people in the world
Popular Culture,Music,Background music
Popular Culture,Music,"Hello darkness, my old friend"
Popular Culture,Music,Acousmatic sound
Popular Culture,Music,University of North Texas Libraries
Popular Culture,Music,Kodály Seminar
Popular Culture,Music,Movement (music)
Popular Culture,Music,History of music in the biblical period
Popular Culture,Music,Live PA
Science & Medicine,Physics,Quantum state space
Science & Medicine,Physics,Gator (facility)
Science & Medicine,Physics,List of centroids
Science & Medicine,Physics,Four-vector
Science & Medicine,Physics,Variable structure system
Science & Medicine,Physics,List of textbooks on relativity
Science & Medicine,Physics,Conventional superconductor
Science & Medicine,Physics,Optical axis
Science & Medicine,Physics,Ideally hard superconductor
Science & Medicine,Physics,Nonlinear system
Science & Medicine,Physics,Constant-resistance network
Science & Medicine,Physics,MinutePhysics
Science & Medicine,Physics,ISO 31-5
Science & Medicine,Physics,Phase conjugation
Science & Medicine,Physics,Flotation of flexible objects
Science & Medicine,Physics,Microbarometer
Science & Medicine,Physics,Superglass
Science & Medicine,Physics,Wigner–Weyl transform
Science & Medicine,Physics,Entanglement monotone
Science & Medicine,Physics,Reversible reference system propagation algorithm
Science & Medicine,Physics,Multiple-emitter transistor
Science & Medicine,Physics,Free particle
Science & Medicine,Physics,Shortwave radiation (optics)
Science & Medicine,Physics,Spatial resolution
Science & Medicine,Physics,Hyperuniformity
Science & Medicine,Physics,Small Missions for Advanced Research in Technology
Science & Medicine,Physics,Tensor
Science & Medicine,Physics,Surface freezing
Science & Medicine,Physics,Physical system
Science & Medicine,Physics,Clockwise
Science & Medicine,Physics,Ship model basin
Science & Medicine,Physics,Nonadiabatic transition state theory
Science & Medicine,Physics,List of physical quantities
Science & Medicine,Physics,Proof mass
Science & Medicine,Physics,Laser printing of single nanoparticles
Science & Medicine,Physics,Characteristic length
Science & Medicine,Physics,Physical theories modified by general relativity
Science & Medicine,Physics,Laser dye
Science & Medicine,Physics,Gouy phase shift
Science & Medicine,Physics,Path integral formulation
Science & Medicine,Physics,Newton's theorem of revolving orbits
Science & Medicine,Physics,Transmissibility (structural dynamics)
Science & Medicine,Physics,Coherent potential approximation
Science & Medicine,Physics,List of synchrotron radiation facilities
Science & Medicine,Physics,Lorentz scalar
Science & Medicine,Physics,Wohlfarth Lectureship
Science & Medicine,Physics,Rheoscope
Science & Medicine,Physics,High-confinement mode
Science & Medicine,Physics,Causality (physics)
Science & Medicine,Physics,Quasistatic approximation
Science & Medicine,Physics,Foot per second
Science & Medicine,Physics,Ion drift meter
Science & Medicine,Physics,Covariant formulation of classical electromagnetism
Science & Medicine,Physics,Über die von der molekularkinetischen Theorie der Wärme geforderte Bewegung von in ruhenden Flüssigkeiten suspendierten Teilchen
Science & Medicine,Physics,Equivalent dumping coefficient
Science & Medicine,Physics,Liquid whistle
Science & Medicine,Physics,For all practical purposes
Science & Medicine,Physics,BigDFT
Science & Medicine,Physics,Geophysics
Science & Medicine,Physics,List of accelerators in particle physics
Science & Medicine,Physics,Radio-frequency induction
Science & Medicine,Physics,Tensor network
Science & Medicine,Physics,Bregman Lagrangian
Science & Medicine,Physics,Zero mode
Science & Medicine,Physics,Carreau fluid
Science & Medicine,Physics,Enthalpy of atomization
Science & Medicine,Physics,List of thermodynamic properties
Science & Medicine,Physics,QED vacuum
Science & Medicine,Physics,Potentiometric surface
Science & Medicine,Physics,List of physics concepts in primary and secondary education curricula
Science & Medicine,Physics,Lists of physics equations
Science & Medicine,Physics,Scott X. Mao
Science & Medicine,Physics,List of moments of inertia
Science & Medicine,Physics,Quasi-isodynamic stellarator
Science & Medicine,Physics,Quality (physics)
Science & Medicine,Physics,Network automaton
Science & Medicine,Physics,Supercooling
Science & Medicine,Physics,Node (physics)
Science & Medicine,Physics,Nucleation
Science & Medicine,Physics,Toroidal solenoid
Science & Medicine,Physics,Bhabha scattering
Science & Medicine,Physics,Pole piece
Science & Medicine,Physics,List of textbooks in electromagnetism
Science & Medicine,Physics,Dicalcium ruthenate
Science & Medicine,Physics,ISO 31-3
Science & Medicine,Physics,Atmospheric-pressure photoionization
Science & Medicine,Physics,Feynman diagram
Science & Medicine,Physics,Index of physics articles
Science & Medicine,Physics,List of quantum-mechanical systems with analytical solutions
Science & Medicine,Physics,Three Physicists Prize
Science & Medicine,Physics,Virtual particle
Science & Medicine,Physics,Lorenz gauge condition
Science & Medicine,Physics,GS-NDG-9422
Science & Medicine,Physics,Surface stress
Science & Medicine,Physics,Time-translation symmetry
Science & Medicine,Physics,Wave function collapse
Science & Medicine,Physics,Self-amplified spontaneous emission
Science & Medicine,Physics,Streaming vibration current
Science & Medicine,Physics,Coherence (physics)
Politics,Political history,Omani Empire
Politics,Political history,Violent Struggle
Politics,Political history,Government Junta of Chile (1810)
Politics,Political history,Repression of January and February 1894
Politics,Political history,"Congress of People's Deputies (Russia, 2022)"
Politics,Political history,Establishment of Soviet power in Russia (1917–1918)
Politics,Political history,Bay of Pigs Invasion
Politics,Political history,2019 Sudanese coup d'état
Politics,Political history,Russian temporary administrative agencies in occupied Ukraine
Politics,Political history,Gračani massacre
Politics,Political history,Battle of Geok Tepe
Politics,Political history,Constitutional history
Politics,Political history,Pecunia non olet
Politics,Political history,Khivan campaign of 1839–1840
Politics,Political history,Reign of Terror
Politics,Political history,Wallpaper tax
Politics,Political history,Cult of personality
Politics,Political history,Central Treaty Organization
Politics,Political history,Zhdanov Doctrine
Politics,Political history,Gukurahundi
Politics,Political history,Demzilla
Politics,Political history,International Congress of National Minorities
Politics,Political history,Neither Settler nor Native
Politics,Political history,Russian conquest of Central Asia
Politics,Political history,Natal alienation
Politics,Political history,1998 Monrovia clashes
Politics,Political history,Provisional Government of Belgium
Politics,Political history,Ooi Kee Beng
Politics,Political history,Kapzsczyzna
Politics,Political history,Poglavnik
Politics,Political history,Political repression in the Soviet Union
Politics,Political history,Barbary Wars
Politics,Political history,ICJ case on Israel's occupation of the Palestinian territories
Politics,Political history,Protectorate
Politics,Political history,Ongoing Revolutionary Process
Politics,Political history,Mejlis of the Crimean Tatar People
Politics,Political history,Rosa 'Peace'
Politics,Political history,1589 rebellion of Jeong Yeo-rip
Politics,Political history,People's democratic dictatorship
Politics,Political history,International Helsinki Federation for Human Rights
Politics,Political history,Imagined community
Politics,Political history,Imperialism: Flag of an Empire
Politics,Political history,Sudanese Sovereignty Council (1965–1969)
Politics,Political history,Cullagium
Politics,Political history,League Against Imperialism and Colonial Oppression
Politics,Political history,Revue des colonies
Politics,Political history,Provisional Government of the Irish Republic
Politics,Political history,Rick Perlstein
Politics,Political history,Provisional Government of the Republic of Korea
Politics,Political history,Neutrality Patrol
Politics,Political history,Rada of the Belarusian Democratic Republic
Politics,Political history,Ian McKay (historian)
Politics,Political history,Ethnic nationalism
Politics,Political history,International relations (1919–1939)
Politics,Political history,International Simultaneous Policy Organization
Politics,Political history,Beard tax
Politics,Political history,Gunboat diplomacy
Politics,Political history,Acts of Union 1707
Politics,Political history,Political realignment
Politics,Political history,Siege of Samarkand (1868)
Politics,Political history,Silk Road
Politics,Political history,Pontianak incidents
Politics,Political history,Sovietization of the Baltic states
Politics,Political history,Fueros of Navarre
Politics,Political history,Charter 97
Politics,Political history,Cultural Revolution
Politics,Political history,Racism in Japan
Politics,Political history,Country of My Skull
Politics,Political history,"Don't Just Vote, Get Active"
Politics,Political history,Colonial sexual violence (North America)
Politics,Political history,List of historical acts of tax resistance
Politics,Political history,Great Purge
Politics,Political history,Américo Tomás
Politics,Political history,Massachusetts Body of Liberties
Politics,Political history,Pan-Asianism
Politics,Political history,Comprador Colonialism
Politics,Political history,Political Committee of National Liberation
Politics,Political history,Conspiracy of silence (expression)
Politics,Political history,Foreign policy of William Ewart Gladstone
Politics,Political history,Charter for European Security
Politics,Political history,Soviet deportations from Lithuania
Politics,Political history,List of terrorist incidents
Politics,Political history,An Agreement of the People
Politics,Political history,Sudanese Sovereignty Council (1955–1958)
Politics,Political history,Anti anti-communism
Politics,Political history,Independence of Bangladesh
Politics,Political history,Provisional Council of State
Politics,Political history,Ukrainian State
Politics,Political history,Purges of Nazi collaborators
Politics,Political history,The Chinese State in Ming Society
Politics,Political history,Ceded and Conquered Provinces
Politics,Political history,Law for the Restoration of the Professional Civil Service
Politics,Political history,State collapse
Politics,Political history,Rule of man
Politics,Political history,Presidency of Francisco Sagasti
Politics,Political history,Cultural Revolution in Iran
Politics,Political history,U.S. provisional government of New Mexico
Politics,Political history,Argentine debt restructuring
Politics,Political history,Government of the Grand National Assembly
Politics,Political parties,Institutional Revolutionary Party
Politics,Political parties,Workers' Party of Korea
Politics,Political parties,Kerala Congress (disambiguation)
Politics,Political parties,Young Democrats
Politics,Political parties,ADC
Politics,Political parties,America First Party
Politics,Political parties,Nigerien Alliance for Democracy and Progress
Politics,Political parties,National Renaissance Party
Politics,Political parties,Committee of Union and Progress
Politics,Political parties,Ukrainian Social Democratic Party
Politics,Political parties,Left Alliance
Politics,Political parties,Marxist Workers' League
Politics,Political parties,Socialist Democratic Party
Politics,Political parties,Party chair
Politics,Political parties,The Land (song)
Politics,Political parties,Social Justice Party
Politics,Political parties,Arab Democratic Party
Politics,Political parties,1955 System
Politics,Political parties,National Reform
Politics,Political parties,Cambodia National Rescue Party
Politics,Political parties,Christian Heritage Party
Politics,Political parties,Imbokodvo National Movement
Politics,Political parties,Green Left
Politics,Political parties,List of Labour Party (UK) general election manifestos
Politics,Political parties,Kurdistan Democratic Party (disambiguation)
Politics,Political parties,United Workers' Party
Politics,Political parties,Podemos
Politics,Political parties,Progressive Green Party
Politics,Political parties,Italian Socialist Party (disambiguation)
Politics,Political parties,Republican Party
Politics,Political parties,Democratic Peasants' Party
Politics,Political parties,Les Verts
Politics,Political parties,Socialist Democracy (disambiguation)
Politics,Political parties,United National Independence Party
Politics,Political parties,Democratic Party
Politics,Political parties,Sammarinese Fascist Party
Politics,Political parties,Democratic and Republican Renewal
Politics,Political parties,German People's Party (disambiguation)
Politics,Political parties,Samata Party (disambiguation)
Politics,Political parties,Sawaba Declaration
Politics,Political parties,Republican Fascist Party
Politics,Political parties,Partido Social Democrático
Politics,Political parties,Home Rule Party
Politics,Political parties,Liberalno demokratska stranka
Politics,Political parties,Women's National League
Politics,Political parties,Jana Bobošíková
Politics,Political parties,Civic Democratic Party
Politics,Political parties,Socialist Action Party
Politics,Political parties,Movement House
Politics,Political parties,Patriotic Union
Politics,Political parties,United Front (disambiguation)
Politics,Political parties,Anti-defection law (India)
Politics,Political parties,Independent Party
Politics,Political parties,2020–2022 Malaysian political crisis
Politics,Political parties,Džemijet
Politics,Political parties,Social-National Party
Politics,Political parties,People's Empowerment Party
Politics,Political parties,"Tough on crime, tough on the causes of crime"
Politics,Political parties,Communist Party of Nepal (disambiguation)
Politics,Political parties,Radical Democratic Party
Politics,Political parties,Bangladesh Krishak Sramik Awami League
Politics,Political parties,Armenian Liberal Party (disambiguation)
Politics,Political parties,Afro-Shirazi Party
Politics,Political parties,Central African Democratic Rally
Politics,Political parties,Popular Unity
Politics,Political parties,Muda
Politics,Political parties,Giovinezza
Politics,Political parties,Democratic Coalition
Politics,Political parties,Young Left
Politics,Political parties,National Union
Politics,Political parties,Azerbaijan Communist Party (disambiguation)
Politics,Political parties,Alliance for Democracy
Politics,Political parties,National Radical Union
Politics,Political parties,Commonwealth Land Party
Politics,Political parties,Songs of the Spanish Civil War
Politics,Political parties,Awami Ittehad Party
Politics,Political parties,Partido Nacional
Politics,Political parties,National Alliance
Politics,Political parties,Erfurt Program
Politics,Political parties,System of multi-party cooperation and political consultation
Politics,Political parties,Radical People's Party
Politics,Political parties,Cara al Sol
Politics,Political parties,List of socialist parties with national parliamentary representation
Politics,Political parties,Colorado Party (Paraguay)
Politics,Political parties,Popular Movement of the Revolution
Politics,Political parties,Popular National Party
Politics,Political parties,Programme commun
Politics,Political parties,Treaty of Fifth Avenue
Politics,Political parties,Progressive Republican Party
Politics,Political parties,Labour Party
Politics,Political parties,Moderate Party (disambiguation)
Politics,Political parties,Veronica Dorsette
Politics,Political parties,List of democratic socialist parties and organizations
Politics,Political parties,Frog (Malaysian politics)
Politics,Political parties,1918 Sinn Féin election manifesto
Politics,Political parties,List of Black political parties
Politics,Political parties,Left Union
Politics,Political parties,People's Revolutionary Party
Politics,Political parties,United Right
Politics,Politics,Political ReviewNet
Politics,Politics,Political linguistics
Politics,Politics,Cadena nacional
Politics,Politics,On Crimes and Punishments
Politics,Politics,Political abuse of psychiatry
Politics,Politics,Laughing Matryoshka
Politics,Politics,Examples of totalitarian regimes
Politics,Politics,World Bank-China ranking controversy
Politics,Politics,Transmission belt
Politics,Politics,Red handprint
Politics,Politics,Policy monitoring
Politics,Politics,Boundary problem (political science)
Politics,Politics,Oxford University Labour Club
Politics,Politics,Influence of mass media
Politics,Politics,Bash Back!
Politics,Politics,Transnational repression by China
Politics,Politics,The Birth of Biopolitics
Politics,Politics,Politics
Politics,Politics,Counterintelligence state
Politics,Politics,Structural functionalism
Politics,Politics,Bisexual politics
Politics,Politics,Martin–Quinn score
Politics,Politics,List of ideological symbols
Politics,Politics,Multitude (philosophy)
Politics,Politics,Free Balochistan Movement
Politics,Politics,Affirmative action bake sale
Politics,Politics,Crown commission administration of Tauranga
Politics,Politics,Biopower
Politics,Politics,Substitute (elections)
Politics,Politics,University of Bergen Department of Comparative Politics
Politics,Politics,Controversies surrounding Jair Bolsonaro
Politics,Politics,Leirum Phee
Politics,Politics,Old wives' tale
Politics,Politics,Wall Street reform
Politics,Politics,Voting behavior
Politics,Politics,Right-to-life movement
Politics,Politics,Islamic governance
Politics,Politics,Organicism
Politics,Politics,Gevald campaign
Politics,Politics,Delegate model of representation
Politics,Politics,IB affair
Politics,Politics,Ronggo
Politics,Politics,Boluan Fanzheng
Politics,Politics,Regional autonomy
Politics,Politics,Jewish question
Politics,Politics,Political decay
Politics,Politics,Free-Stater (Kansas)
Politics,Politics,Public opinion on the 2009 Honduran coup d'état
Politics,Politics,Communist Party of Malaya/Revolutionary Faction
Politics,Politics,World domination
Politics,Politics,Tryphé
Politics,Politics,Special Competitive Studies Project
Politics,Politics,Peruvian Public Ministry controversy
Politics,Politics,Social Democratic Union of Workers and Smallholders
Politics,Politics,Cultural competence
Politics,Politics,History of democracy
Politics,Politics,Court of public opinion
Politics,Politics,George W. Bush shoe-throwing incident
Politics,Politics,Political bias
Politics,Politics,Herzl Award (WZO)
Politics,Politics,Multiple streams framework
Politics,Politics,Statolatry
Politics,Politics,Global citizenship
Politics,Politics,United Nations Security Council veto power
Politics,Politics,Legião Portuguesa (Estado Novo)
Politics,Politics,Noble lie
Politics,Politics,Compromis nationaliste
Politics,Politics,Referendum
Politics,Politics,History of social democracy
Politics,Politics,Filter bubble
Politics,Politics,Gothi
Politics,Politics,Enemy of the people (Albania)
Politics,Politics,Scientific politics
Politics,Politics,British Fascists
Politics,Politics,Albanian–Soviet split
Politics,Politics,Armband
Politics,Politics,Monarch
Politics,Politics,Bahujan Samaj Party (Kainth)
Politics,Politics,Bollocks to Brexit
Politics,Politics,Testing the waters
Politics,Politics,Political prisoner
Politics,Politics,List of open letters by academics
Politics,Politics,Nail Men
Politics,Politics,Political obligation
Politics,Politics,Political crime
Politics,Politics,Constitutional Right Party
Politics,Politics,Legislative violence
Politics,Politics,Political ethics
Politics,Politics,Multistakeholder governance
Politics,Politics,Reichskunstwart
Politics,Politics,Political communication
Politics,Politics,Ecogovernmentality
Politics,Politics,Tribal chief
Politics,Politics,Statement of 1000
Politics,Politics,Figleaf (linguistics)
Politics,Politics,Ibiza affair
Politics,Politics,Yavapai Wars
Politics,Politics,Scottish Militia Bill
Politics,Politics,Politicisation
Popular Culture,Popular culture,Frank Tower
Popular Culture,Popular culture,El Bananero
Popular Culture,Popular culture,Atomic Age (design)
Popular Culture,Popular culture,List of viral music videos
Popular Culture,Popular culture,Diary of a Bad Man
Popular Culture,Popular culture,Bojihwayangdong buralsongseonsaeng
Popular Culture,Popular culture,Cult Movies 2
Popular Culture,Popular culture,Hypoalgesic effect of swearing
Popular Culture,Popular culture,Charlie Charlie challenge
Popular Culture,Popular culture,Videobombing
Popular Culture,Popular culture,Grass Mud Horse
Popular Culture,Popular culture,PC Master Race
Popular Culture,Popular culture,Performing arts presenters
Popular Culture,Popular culture,Portable media player
Popular Culture,Popular culture,Looking for... the Best
Popular Culture,Popular culture,OS-tan
Popular Culture,Popular culture,Contemporary hit radio
Popular Culture,Popular culture,Matrix (music)
Popular Culture,Popular culture,Influencer
Popular Culture,Popular culture,Amateur sports
Popular Culture,Popular culture,Secret space program
Popular Culture,Popular culture,Monstermob
Popular Culture,Popular culture,Media fatigue
Popular Culture,Popular culture,Celebrity comics
Popular Culture,Popular culture,Teen idol
Popular Culture,Popular culture,Stamp rally
Popular Culture,Popular culture,Putin khuylo!
Popular Culture,Popular culture,Multimodality
Popular Culture,Popular culture,Dvach
Popular Culture,Popular culture,Chuck Testa
Popular Culture,Popular culture,Metrosexual
Popular Culture,Popular culture,A Regular Frankie Fan
Popular Culture,Popular culture,Capture Bizarre
Popular Culture,Popular culture,Lifestyle trends and media
Popular Culture,Popular culture,Fofudja
Popular Culture,Popular culture,Family entertainment center
Popular Culture,Popular culture,Celebrity philanthropy
Popular Culture,Popular culture,Pundit
Popular Culture,Popular culture,Caption contest
Popular Culture,Popular culture,Flash (juggling)
Popular Culture,Popular culture,Catvertising
Popular Culture,Popular culture,10 years without the right of correspondence
Popular Culture,Popular culture,Tumblr Sexyman
Popular Culture,Popular culture,The Amazing Digital Circus
Popular Culture,Popular culture,Konstantinos Koukidis
Popular Culture,Popular culture,Pigeonholing
Popular Culture,Popular culture,Popular print
Popular Culture,Popular culture,Novelty song
Popular Culture,Popular culture,Nazi gold train
Popular Culture,Popular culture,Human trafficking in popular culture
Popular Culture,Popular culture,Shitposting
Popular Culture,Popular culture,Selling out
Popular Culture,Popular culture,Crystal Palace (High Level) railway station
Popular Culture,Popular culture,Correction centre
Popular Culture,Popular culture,Hyperbole and a Half
Popular Culture,Popular culture,Prechorus
Popular Culture,Popular culture,Hypnosis in works of fiction
Popular Culture,Popular culture,Zhdun
Popular Culture,Popular culture,Celebrity influence in politics
Popular Culture,Popular culture,Media feeding frenzy
Popular Culture,Popular culture,Battle of Karánsebes
Popular Culture,Popular culture,Manga
Popular Culture,Popular culture,Entertainment in education
Popular Culture,Popular culture,The Lick
Popular Culture,Popular culture,En tus Tierras Bailaré
Popular Culture,Popular culture,Impact (typeface)
Popular Culture,Popular culture,Cheli
Popular Culture,Popular culture,Nuclear Gandhi
Popular Culture,Popular culture,Profane Swearing Act 1694
Popular Culture,Popular culture,Nacht van de Wansmaak
Popular Culture,Popular culture,Who Killed Captain Alex?
Popular Culture,Popular culture,There Is No Cabal
Popular Culture,Popular culture,This Man
Popular Culture,Popular culture,List of emoticons
Popular Culture,Popular culture,Torture in fiction
Popular Culture,Popular culture,Thomas P. Kelley
Popular Culture,Popular culture,Fuddle duddle
Popular Culture,Popular culture,ReAction! Chemistry in the Movies
Popular Culture,Popular culture,Sister Feng
Popular Culture,Popular culture,Píča
Popular Culture,Popular culture,Hollywood Backstage (1964 TV series)
Popular Culture,Popular culture,The Bermuda Triangle (book)
Popular Culture,Popular culture,Geek
Popular Culture,Popular culture,Teenybopper
Popular Culture,Popular culture,Crawling in my skin
Popular Culture,Popular culture,Profanity in science fiction
Popular Culture,Popular culture,Xianxingzhe
Popular Culture,Popular culture,Entertainment law
Popular Culture,Popular culture,Grandayy
Popular Culture,Popular culture,Billy Herrington
Popular Culture,Popular culture,Emonogatari
Popular Culture,Popular culture,MEMZ
Popular Culture,Popular culture,PopSockets
Popular Culture,Popular culture,Beat the Geeks
Popular Culture,Popular culture,Canal Livre
Popular Culture,Popular culture,Synthetic media
Popular Culture,Popular culture,Can it run Crysis?
Popular Culture,Popular culture,Beta reader
Popular Culture,Popular culture,Twerking
Popular Culture,Popular culture,Femboy
Science & Medicine,Science,Progressive contextualization
Science & Medicine,Science,Charles Babbage's Saturday night soirées
Science & Medicine,Science,Hypothetico-deductive model
Science & Medicine,Science,International Conference on Cold Fusion
Science & Medicine,Science,Six-legged Soldiers
Science & Medicine,Science,California drought manipulation conspiracy theory
Science & Medicine,Science,E=MC2
Science & Medicine,Science,The Billion-Dollar Molecule
Science & Medicine,Science,Proteins@home
Science & Medicine,Science,The Big Splash (book)
Science & Medicine,Science,Kambo (drug)
Science & Medicine,Science,List of natural history dealers
Science & Medicine,Science,From Eros to Gaia
Science & Medicine,Science,List of crew members aboard the first voyage of James Cook
Science & Medicine,Science,QMC@Home
Science & Medicine,Science,Orthomolecular medicine
Science & Medicine,Science,Bgee
Science & Medicine,Science,Bioinformatics Research Network
Science & Medicine,Science,SETI@home
Science & Medicine,Science,Timeline of scientific discoveries
Science & Medicine,Science,El Perú (book)
Science & Medicine,Science,Dichroscope
Science & Medicine,Science,VA (Public & Science)
Science & Medicine,Science,Jargonness
Science & Medicine,Science,"Sylva, or A Discourse of Forest-Trees and the Propagation of Timber"
Science & Medicine,Science,Birds in a truck riddle
Science & Medicine,Science,Sluggish schizophrenia
Science & Medicine,Science,Research transparency
Science & Medicine,Science,Center of Excellence in Regulatory Science and Innovation
Science & Medicine,Science,Preregistration (science)
Science & Medicine,Science,Malaria Control Project
Science & Medicine,Science,Clinical technologist
Science & Medicine,Science,Open research
Science & Medicine,Science,Knowledge worker
Science & Medicine,Science,Pre-Columbian transoceanic contact theories
Science & Medicine,Science,Metascience
Science & Medicine,Science,ReScience C
Science & Medicine,Science,Color science
Science & Medicine,Science,Pathological Altruism
Science & Medicine,Science,Activated charcoal cleanse
Science & Medicine,Science,List of cities by scientific output
Science & Medicine,Science,Pen tilt
Science & Medicine,Science,Conical refiner
Science & Medicine,Science,Good Faith Collaboration
Science & Medicine,Science,Bathometer
Science & Medicine,Science,Science by press conference
Science & Medicine,Science,Outline of health sciences
Science & Medicine,Science,List of scientific constants named after people
Science & Medicine,Science,Transcendence (Vince book)
Science & Medicine,Science,FAIR data
Science & Medicine,Science,Current Protocols
Science & Medicine,Science,Self-experimentation in medicine
Science & Medicine,Science,Christianity and science
Science & Medicine,Science,List of rectores magnifici of Leiden University
Science & Medicine,Science,Laboratory manager
Science & Medicine,Science,Epistemic cultures
Science & Medicine,Science,UFluids@Home
Science & Medicine,Science,Index of computing articles
Science & Medicine,Science,PQube
Science & Medicine,Science,Citizen science
Science & Medicine,Science,Figshare
Science & Medicine,Science,The Poisoner's Handbook
Science & Medicine,Science,Geographer
Science & Medicine,Science,Fauna Europaea
Science & Medicine,Science,Astrology and astronomy
Science & Medicine,Science,Tyranny of numbers
Science & Medicine,Science,Sage Bionetworks
Science & Medicine,Science,Hyperaccumulators table – 3
Science & Medicine,Science,Public awareness of science
Science & Medicine,Science,Global Urban Evolution Project
Science & Medicine,Science,The Hum
Science & Medicine,Science,Biomedical scientist
Science & Medicine,Science,Homogeneity and heterogeneity
Science & Medicine,Science,List of discoveries influenced by chance circumstances
Science & Medicine,Science,The Ragged Edge of Science
Science & Medicine,Science,History of anthropometry
Science & Medicine,Science,Geologist
Science & Medicine,Science,Logical positivism
Science & Medicine,Science,Neutron embrittlement
Science & Medicine,Science,RECOVER Initiative
Science & Medicine,Science,List of rectores magnifici of the Erasmus University Rotterdam
Science & Medicine,Science,Table-turning
Science & Medicine,Science,Science in Action (book)
Science & Medicine,Science,COVID Moonshot
Science & Medicine,Science,List of chemical elements named after places
Science & Medicine,Science,HamSCI
Science & Medicine,Science,List of laser applications
Science & Medicine,Science,OpenNeuro
Science & Medicine,Science,Orbit@home
Science & Medicine,Science,Operationalization
Science & Medicine,Science,Jennifer Michael Hecht
Science & Medicine,Science,Grand-disciple
Science & Medicine,Science,Reproducibility
Science & Medicine,Science,Ibercivis
Science & Medicine,Science,Classification of the sciences (Peirce)
Science & Medicine,Science,Knoop hardness number
Science & Medicine,Science,Questions of Truth
Science & Medicine,Science,Information wants to be free
Science & Medicine,Science,Traditional knowledge
Science & Medicine,Science,Stemettes
Technology,Technology,Glossary of engineering: M–Z
Technology,Technology,Home video game console
Technology,Technology,Asian News International vs. Wikimedia Foundation
Technology,Technology,Mean square quantization error
Technology,Technology,RaiseMe
Technology,Technology,Paperless society
Technology,Technology,Pioneer plaque
Technology,Technology,Ministry of Science and ICT
Technology,Technology,List of public signage typefaces
Technology,Technology,Liquid cooling
Technology,Technology,Pink slime
Technology,Technology,Kronos effect
Technology,Technology,Positioning goniometer
Technology,Technology,Coiled tubing umbilical
Technology,Technology,PACT (interaction design)
Technology,Technology,Unified endpoint management
Technology,Technology,Outline of telecommunication
Technology,Technology,Technical communication
Technology,Technology,Procedural knowledge
Technology,Technology,List of communications satellite firsts
Technology,Technology,Ministry of Science and Technology (South Korea)
Technology,Technology,Flame treatment
Technology,Technology,Status message (instant messaging)
Technology,Technology,Outline of manufacturing
Technology,Technology,Samsung Galaxy Watch Active 2
Technology,Technology,List of lens designs
Technology,Technology,Upper ontology
Technology,Technology,Tectonic weapon
Technology,Technology,Federal Public Planning Service Science Policy
Technology,Technology,Polaroid Palette
Technology,Technology,Entertainment technology
Technology,Technology,Architectural technology
Technology,Technology,Vocalink
Technology,Technology,Mobile virtual private network
Technology,Technology,Friction tape
Technology,Technology,Department of Education and Science (United Kingdom)
Technology,Technology,Vessel traffic service
Technology,Technology,Disruptive innovation
Technology,Technology,The Future of Work and Death
Technology,Technology,Ancient Egyptian technology
Technology,Technology,Asus Transformer Pad TF700T
Technology,Technology,Stauroscope
Technology,Technology,Single-point locking
Technology,Technology,Documentation
Technology,Technology,Inkjet spittoon
Technology,Technology,Social innovation
Technology,Technology,Glossary of British bricklaying
Technology,Technology,Robert Kearns
Technology,Technology,VCDHD
Technology,Technology,Ministry of Education and Children (Iceland)
Technology,Technology,Global Finance & Technology Network
Technology,Technology,DocHub
Technology,Technology,WatchKit
Technology,Technology,Health technology assessment
Technology,Technology,Cosmic Call
Technology,Technology,Creeping normality
Technology,Technology,Collingridge dilemma
Technology,Technology,Float switch
Technology,Technology,Varian Rule
Technology,Technology,Telecom Infra Project
Technology,Technology,"Sleepers, Wake!"
Technology,Technology,Borehole image logs
Technology,Technology,List of Henry vacuum cleaners
Technology,Technology,RTMI
Technology,Technology,Gezel
Technology,Technology,Run chart
Technology,Technology,Home entertainment server
Technology,Technology,Vlog
Technology,Technology,Mac the Knife
Technology,Technology,Operation Serenata de Amor
Technology,Technology,Time-hopping
Technology,Technology,Timeline of Russian innovation
Technology,Technology,Ministry of Education and Research (Norway)
Technology,Technology,Macro BIM
Technology,Technology,Carriage
Technology,Technology,Mobile radio
Technology,Technology,Posthumanism
Technology,Technology,Scanning multichannel microwave radiometer
Technology,Technology,Hypothetical technology
Technology,Technology,Dumb pipe
Technology,Technology,Explosive-driven ferroelectric generator
Technology,Technology,Snake oil (cryptography)
Technology,Technology,Social business model
Technology,Technology,Instruments used in general surgery
Technology,Technology,Neophile
Technology,Technology,Reed level
Technology,Technology,FAQ
Technology,Technology,Sampled data system
Technology,Technology,Washington School Information Processing Cooperative
Technology,Technology,Syclo
Technology,Technology,Automatic trip
Technology,Technology,Peter A. Sturgeon
Technology,Technology,Environmental impact assessment
Technology,Technology,William E. Warner
Technology,Technology,SSUTR2
Technology,Technology,Timeline of electromagnetism and classical optics
Technology,Technology,Infobip
Technology,Technology,Ministry of Science and Higher Education (Poland)
Technology,Technology,Fiber-optic display
Popular Culture,Television,Broadcast quality
Popular Culture,Television,"Filmlook, Inc."
Popular Culture,Television,Harding test
Popular Culture,Television,Music on The O.C.
Popular Culture,Television,Babestation
Popular Culture,Television,Improved-definition television
Popular Culture,Television,Extra (franchise)
Popular Culture,Television,Television in Bolivia
Popular Culture,Television,Digital program insertion
Popular Culture,Television,Non-commercial educational station
Popular Culture,Television,The Hitchhiker (TV series)
Popular Culture,Television,DVD recorder
Popular Culture,Television,Serial (radio and television)
Popular Culture,Television,Timeline of the introduction of television in countries
Popular Culture,Television,Bling Bling (video)
Popular Culture,Television,Tabloid television
Popular Culture,Television,Dayparting
Popular Culture,Television,Quantum Leap (1989 TV series)
Popular Culture,Television,The West Wing Thing
Popular Culture,Television,Coupon-eligible converter box
Popular Culture,Television,Television in Honduras
Popular Culture,Television,Underwriting spot
Popular Culture,Television,Television in Ethiopia
Popular Culture,Television,Editto bulgaro
Popular Culture,Television,It's been 84 years
Popular Culture,Television,Apple Interactive Television Box
Popular Culture,Television,Valley of the Wolves
Popular Culture,Television,AV.link
Popular Culture,Television,List of RF connector types
Popular Culture,Television,Channel drift
Popular Culture,Television,ESAT
Popular Culture,Television,Microwave transmission
Popular Culture,Television,American Story
Popular Culture,Television,Closed captioning
Popular Culture,Television,Kif Gets Knocked Up a Notch
Popular Culture,Television,Television in Qatar
Popular Culture,Television,List of films based on British television series
Popular Culture,Television,Interstitial television show
Popular Culture,Television,Rob Has a Podcast
Popular Culture,Television,Dangerverse
Popular Culture,Television,Television in the Maldives
Popular Culture,Television,B-MAC
Popular Culture,Television,Television in Angola
Popular Culture,Television,Central European Media Enterprises
Popular Culture,Television,The Practical Joker
Popular Culture,Television,Marathon (media)
Popular Culture,Television,Free preview
Popular Culture,Television,Hollywood Game Night
Popular Culture,Television,The Interception
Popular Culture,Television,YouTube Next Lab and Audience Development Group
Popular Culture,Television,Voice-over
Popular Culture,Television,Phantasms (Star Trek: The Next Generation)
Popular Culture,Television,International Federation of Television Archives
Popular Culture,Television,Noddy (camera)
Popular Culture,Television,Benjamin Hathaway
Popular Culture,Television,Adult Swim in a Box
Popular Culture,Television,Chyron Corporation
Popular Culture,Television,NCIS (franchise)
Popular Culture,Television,Rocco Baxter
Popular Culture,Television,One does not simply walk into Mordor
Popular Culture,Television,Filter (video)
Popular Culture,Television,Social television
Popular Culture,Television,Moon landing
Popular Culture,Television,Continuity (broadcasting)
Popular Culture,Television,Nobody expects the Spanish Inquisition!
Popular Culture,Television,Lost Universe
Popular Culture,Television,Streaming television
Popular Culture,Television,Telechrome
Popular Culture,Television,Real Time Race
Popular Culture,Television,10/13
Popular Culture,Television,Television advertising workflow
Popular Culture,Television,Surprised Patrick
Popular Culture,Television,Digital television adapter
Popular Culture,Television,Television in Cyprus
Popular Culture,Television,Broadcast syndication
Popular Culture,Television,Television in Iran
Popular Culture,Television,180-line television system
Popular Culture,Television,Fall schedule
Popular Culture,Television,Oppenheimer (film)
Popular Culture,Television,PAL-S
Popular Culture,Television,Scan line
Popular Culture,Television,E/I
Popular Culture,Television,Truck-kun
Popular Culture,Television,WJPZ at 50
Popular Culture,Television,Esteban Sorrento-Gillis
Popular Culture,Television,Monsoon Multimedia
Popular Culture,Television,Sonifi Solutions
Popular Culture,Television,René Barthélemy
Popular Culture,Television,Blooper
Popular Culture,Television,Paid programming
Popular Culture,Television,LiveStation
Popular Culture,Television,Xenaverse
Popular Culture,Television,Three-two pull down
Popular Culture,Television,Wide shot
Popular Culture,Television,Japanese Television Cartel
Popular Culture,Television,Acetrax
Popular Culture,Television,TV2Me
Popular Culture,Television,Omnibus (broadcast)
Popular Culture,Television,"Viamedia, Inc."
Popular Culture,Video games,Puzzlejuice
Popular Culture,Video games,"Don't Take It Personally, Babe, It Just Ain't Your Story"
Popular Culture,Video games,Azure Striker Gunvolt 2
Popular Culture,Video games,Botanicula
Popular Culture,Video games,Lunistice (video game)
Popular Culture,Video games,Chariot (video game)
Popular Culture,Video games,Whispering Willows
Popular Culture,Video games,Terra Invicta
Popular Culture,Video games,Anodyne 2: Return to Dust
Popular Culture,Video games,Visage (video game)
Popular Culture,Video games,Renga (video game)
Popular Culture,Video games,Analogue: A Hate Story
Popular Culture,Video games,Tokoyo: The Tower of Perpetuity
Popular Culture,Video games,CSI: Crime City
Popular Culture,Video games,Death of a Wish
Popular Culture,Video games,Superia (video game)
Popular Culture,Video games,Cobra Club
Popular Culture,Video games,Xeodrifter
Popular Culture,Video games,Remnants of Naezith
Popular Culture,Video games,Dordogne (video game)
Popular Culture,Video games,Bramble: The Mountain King
Popular Culture,Video games,Astroneer
Popular Culture,Video games,Jitsu Squad
Popular Culture,Video games,Essays on Empathy
Popular Culture,Video games,Galactic Civilizations II: Dread Lords
Popular Culture,Video games,The Story of Kamikuishiki Village
Popular Culture,Video games,Massive Chalice
Popular Culture,Video games,Sunday Gold
Popular Culture,Video games,Vane (video game)
Popular Culture,Video games,Deeeer Simulator
Popular Culture,Video games,Rogue Legacy 2
Popular Culture,Video games,List of media featuring space marines
Popular Culture,Video games,Chicken Invaders
Popular Culture,Video games,Chocolate Castle
Popular Culture,Video games,Cruelty Squad
Popular Culture,Video games,Starseed Pilgrim
Popular Culture,Video games,Mr. Saitou
Popular Culture,Video games,Chasm (video game)
Popular Culture,Video games,Airplane Mode (video game)
Popular Culture,Video games,Minit
Popular Culture,Video games,It Takes Two (video game)
Popular Culture,Video games,Who's Your Daddy? (video game)
Popular Culture,Video games,Pixie Hollow (video game)
Popular Culture,Video games,Lobotomy Corporation
Popular Culture,Video games,Monster Prom 2: Monster Camp
Popular Culture,Video games,The Improv Presents: Don't Quit Your Day Job
Popular Culture,Video games,Survivalcraft
Popular Culture,Video games,Don't Shit Your Pants
Popular Culture,Video games,Mighty Flip Champs!
Popular Culture,Video games,Death's Gambit
Popular Culture,Video games,Train To Sachsenhausen
Popular Culture,Video games,Primal Carnage: Genesis
Popular Culture,Video games,Halcyon 6
Popular Culture,Video games,DwarfHeim
Popular Culture,Video games,Yooka-Laylee and the Impossible Lair
Popular Culture,Video games,Faeria
Popular Culture,Video games,Fatum Betula
Popular Culture,Video games,Unexplored
Popular Culture,Video games,Mini Motorways
Popular Culture,Video games,AaAaAA!!! – A Reckless Disregard for Gravity
Popular Culture,Video games,Eldritch (video game)
Popular Culture,Video games,Noct (video game)
Popular Culture,Video games,Restaurant Dash with Gordon Ramsay
Popular Culture,Video games,Miegakure
Popular Culture,Video games,YIIK: A Postmodern RPG
Popular Culture,Video games,Cthulhu Saves the World
Popular Culture,Video games,McPixel
Popular Culture,Video games,Ant Raid
Popular Culture,Video games,Tribal Trouble
Popular Culture,Video games,Cat Quest
Popular Culture,Video games,Neversong
Popular Culture,Video games,Dark Room Sex Game
Popular Culture,Video games,Planet of Lana
Popular Culture,Video games,My Time at Sandrock
Popular Culture,Video games,The Darkside Detective
Popular Culture,Video games,ScienceAtHome
Popular Culture,Video games,Project Wingman
Popular Culture,Video games,Lovecraft's Untold Stories
Popular Culture,Video games,Death and Taxes (video game)
Popular Culture,Video games,Revolution 60
Popular Culture,Video games,'90s Super GP
Popular Culture,Video games,Symphony (video game)
Popular Culture,Video games,Dex (video game)
Popular Culture,Video games,Katana Zero
Popular Culture,Video games,Online game
Popular Culture,Video games,Boosting (video games)
Popular Culture,Video games,The Pale Beyond
Popular Culture,Video games,Avenger (1986 video game)
Popular Culture,Video games,Space Funeral
Popular Culture,Video games,Bright Memory
Popular Culture,Video games,Strafe (video game)
Popular Culture,Video games,Hugo: Bukkazoom!
Popular Culture,Video games,Dark Deity
Popular Culture,Video games,Convoy (video game)
Popular Culture,Video games,Corpse Party II: Darkness Distortion
Popular Culture,Video games,Vietnam: Black Ops
Popular Culture,Video games,The Past Within
Popular Culture,Video games,Renfield: Bring Your Own Blood
Popular Culture,Video games,Pac-Man All-Stars
Popular Culture,Video games,Idol Showdown
